step,strain_eng,stress_eng
0,0.0,3.156342322161374e-12
1,0.00019999999999487095,8.998947100098059
2,0.0003999999999997339,17.942363959685256
3,0.0005999999999997119,26.789643825659468
4,0.0007999999999990237,35.50071109899097
5,0.0009999999999994458,44.03793727058021
6,0.0011999999999996458,52.362456320892846
7,0.0013999999999996238,60.434660852600956
8,0.0015999999999989356,68.2162367220098
9,0.0017999999999998018,75.67359643851991
10,0.002000000000000224,82.78016568274663
11,0.0021999999999990916,89.5165421426651
12,0.0023999999999997357,95.86966801516301
13,0.0025999999999999357,101.83179710478655
14,0.0027999999999992475,107.40001052115444
15,0.0029999999999994476,112.57564195379184
16,0.0031999999999996476,117.36385905173165
17,0.0033999999999989594,121.77337718171972
18,0.0035999999999991594,125.81644341354887
19,0.0037999999999995815,129.5087459563965
20,0.003999999999999115,132.86911192440584
21,0.004199999999999093,135.91888662603208
22,0.0043999999999997375,138.68112929507356
23,0.004599999999999493,141.17978225504947
24,0.004799999999999249,143.4389166204015
25,0.004999999999999449,145.48209618964353
26,0.005199999999998761,147.33187128221294
27,0.005399999999999627,149.00941161508507
28,0.005600000000000271,150.53427107093688
29,0.005799999999998473,151.92426810764061
30,0.005999999999999117,153.19545914036908
31,0.006199999999999983,154.36218127526178
32,0.006399999999999295,155.43714227670384
33,0.006599999999999051,156.4315400493766
34,0.006799999999998585,157.35519729446895
35,0.006999999999998785,158.21670068770803
36,0.007199999999999873,159.0235377458716
37,0.007399999999998519,159.78222666789932
38,0.007599999999999385,160.49843589192218
39,0.007799999999999585,161.17709336622028
40,0.007999999999999785,161.8224832211132
41,0.008199999999998653,162.43833271430114
42,0.008399999999999075,163.02788709529702
43,0.008599999999998609,163.59397528673043
44,0.008799999999998365,164.13906641005005
45,0.00899999999999812,164.6653192013348
46,0.00919999999999943,165.17462446503922
47,0.009399999999999187,165.66864234231892
48,0.009599999999998277,166.1488328578871
49,0.009799999999999587,166.61648305507427
50,0.009999999999997788,167.07272969428095
51,0.010199999999997988,167.51857904015287
52,0.0103999999999973,167.95492397545942
53,0.010599999999998388,168.38255853967902
54,0.01079999999999881,168.80219059298622
55,0.010999999999998122,169.2144526561686
56,0.011199999999998544,169.61991114253732
57,0.0113999999999983,170.01907444430213
58,0.011599999999998278,170.4123998754857
59,0.011799999999998034,170.80029978826923
60,0.011999999999998234,171.18314670941493
61,0.012199999999998878,171.56127787275258
62,0.012399999999998634,171.93499923563343
63,0.012599999999998612,172.30458897674774
64,0.012799999999998146,172.67030048395037
65,0.012999999999999456,173.03236499670587
66,0.013199999999997658,173.39099399263242
67,0.013400000000000079,173.74638111172197
68,0.013599999999997614,174.09870403148858
69,0.013799999999998036,174.44812603580516
70,0.013999999999998014,174.79479744189354
71,0.014199999999997992,175.1388568490439
72,0.01439999999999797,175.48043218479546
73,0.014599999999997948,175.81964172941184
74,0.014799999999997038,176.15659499239703
75,0.014999999999997016,176.49139350796008
76,0.015199999999998326,176.8241314987803
77,0.015399999999999192,177.1548965869382
78,0.01559999999999917,177.48377028683703
79,0.015799999999998482,177.81082853047263
80,0.015999999999998238,178.1361421845881
81,0.016199999999998438,178.45977743541007
82,0.01639999999999886,178.7817961069264
83,0.01659999999999795,179.10225604157696
84,0.01679999999999726,179.42121142326255
85,0.016999999999999016,179.73871309954993
86,0.01719999999999744,180.05480872743834
87,0.01739999999999786,180.36954309506666
88,0.017599999999997173,180.6829582354957
89,0.01779999999999804,180.99509375860475
90,0.017999999999997796,181.3059869725126
91,0.018199999999998218,181.61567301230576
92,0.018399999999997307,181.92418499937094
93,0.01859999999999773,182.2315542288308
94,0.01879999999999815,182.5378102637137
95,0.018999999999997685,182.84298106666836
96,0.01919999999999722,183.1470930869834
97,0.019399999999997863,183.45017138434142
98,0.019599999999998285,183.7522396760465
99,0.01979999999999782,184.05332049253624
100,0.019999999999997353,184.35343518229627
101,0.02019999999999711,184.65260405082492
102,0.02039999999999731,184.9508463922169
103,0.020599999999997953,185.24818053809366
104,0.020799999999997487,185.5446239403641
105,0.020999999999996355,185.84019321258265
106,0.021199999999996333,186.1349042098053
107,0.021399999999996755,186.4287720398933
108,0.021599999999997177,186.7218110970251
109,0.021799999999997155,187.01403516130586
110,0.021999999999997577,187.3054573849321
111,0.022199999999998,187.5960902929731
112,0.0223999999999982,187.88594594228383
113,0.022599999999997733,188.1750358322767
114,0.022799999999996823,188.4633710133083
115,0.022999999999998133,188.75096203100216
116,0.023199999999997,189.0378190582399
117,0.023399999999996757,189.32395181309627
118,0.02359999999999718,189.60936966572936
119,0.023799999999997157,189.89408154343263
120,0.023999999999997357,190.17809612491158
121,0.02419999999999778,190.4614217062198
122,0.024399999999996425,190.74406628442773
123,0.024599999999996847,191.02603753149273
124,0.024799999999997935,191.30734288502472
125,0.024999999999996136,191.58798951881155
126,0.025199999999997003,191.86798432993308
127,0.02539999999999698,192.14733400300238
128,0.025599999999996514,192.42604499175658
129,0.025799999999996936,192.70412352460121
130,0.02599999999999736,192.98157563064794
131,0.026199999999996226,193.25840716045792
132,0.026399999999995982,193.53462375835278
133,0.026599999999997515,193.81023089355193
134,0.026799999999996826,194.0852338865686
135,0.026999999999997026,194.35963785926
136,0.02719999999999656,194.633447841889
137,0.02739999999999676,194.90666867629085
138,0.027599999999997182,195.17930506692107
139,0.027799999999997382,195.4513616226797
140,0.02799999999999736,195.72284277523676
141,0.028199999999997116,195.9937528452631
142,0.02839999999999665,196.26409604063662
143,0.02859999999999796,196.5338764725937
144,0.02879999999999705,196.80309813160378
145,0.028999999999996362,197.07176491521008
146,0.029199999999997228,197.3398806068609
147,0.029399999999997428,197.60744890576993
148,0.029599999999997406,197.87447343943523
149,0.029799999999996718,198.14095771671325
150,0.029999999999995364,198.4069051800746
151,0.030199999999996674,198.67231919189987
152,0.030399999999996652,198.9372030461847
153,0.03059999999999663,199.20155996191824
154,0.030799999999996386,199.46539306472525
155,0.03099999999999592,199.72870542637926
156,0.031199999999996786,199.99150006103943
157,0.031399999999995654,200.25377989434264
158,0.03159999999999652,200.51554781524578
159,0.0317999999999965,200.77680663889595
160,0.03199999999999559,201.03755911713225
161,0.03219999999999579,201.29780797245488
162,0.03239999999999643,201.55755586156002
163,0.0325999999999973,201.8168053865774
164,0.032799999999995944,202.07555909373096
165,0.03299999999999659,202.33381948877707
166,0.03319999999999612,202.59158903228055
167,0.0333999999999961,202.84887014548738
168,0.033599999999996966,203.10566520012517
169,0.0337999999999965,203.361976509877
170,0.03399999999999692,203.61780637335036
171,0.03419999999999623,203.8731570423281
172,0.03439999999999621,204.12803074483165
173,0.03459999999999597,204.38242963986826
174,0.03479999999999617,204.6363558653679
175,0.0349999999999957,204.88981151909917
176,0.0351999999999959,205.1427986764823
177,0.035399999999995435,205.39531937641178
178,0.03559999999999608,205.64737562719705
179,0.03579999999999606,205.89896940523664
180,0.035999999999996035,206.15010266374816
181,0.03619999999999601,206.40077732566172
182,0.03639999999999555,206.65099528207296
183,0.03659999999999619,206.9007583824606
184,0.036799999999995725,207.15006846114827
185,0.0369999999999957,207.39892734037178
186,0.03719999999999479,207.64733680342323
187,0.03739999999999655,207.89529860789696
188,0.03759999999999697,208.14281448728659
189,0.0377999999999965,208.3898861481283
190,0.03799999999999604,208.63651527737713
191,0.038199999999996015,208.8827035335828
192,0.03839999999999555,209.1284525616927
193,0.03859999999999553,209.37376398732482
194,0.03879999999999506,209.61863939717327
195,0.03899999999999593,209.86308036147327
196,0.039199999999994795,210.1070884322954
197,0.03939999999999522,210.35066515111788
198,0.039599999999995195,210.593812038654
199,0.03979999999999517,210.83653060372504
200,0.03999999999999493,211.07882232088963
201,0.04019999999999602,211.32068867287722
202,0.04039999999999466,211.56213112239817
203,0.040599999999995084,211.80315105678915
204,0.04079999999999595,212.04374990839278
205,0.04099999999999504,212.28392906395075
206,0.04119999999999413,212.5236899087454
207,0.04139999999999611,212.76303381795918
208,0.04159999999999542,213.00196213373968
209,0.041799999999995396,213.2404761930961
210,0.04199999999999471,213.47857732550528
211,0.04219999999999491,213.71626681538785
212,0.042399999999994886,213.95354595602586
213,0.04259999999999575,214.19041601314913
214,0.042799999999995064,214.4268782344708
215,0.0429999999999946,214.6629338739477
216,0.0431999999999948,214.89858415856713
217,0.04339999999999633,215.13383027843244
218,0.043599999999994754,215.3686734541357
219,0.04379999999999584,215.60311489070952
220,0.043999999999996264,215.83715576766429
221,0.044199999999994466,216.0707972671823
222,0.04439999999999644,216.30404052983462
223,0.04459999999999553,216.53688669137404
224,0.04479999999999551,216.7693368792276
225,0.04499999999999482,217.00139223155608
226,0.04519999999999458,217.2330538528121
227,0.04539999999999478,217.46432284536976
228,0.0455999999999952,217.69520027244903
229,0.045799999999994956,217.9256872230724
230,0.045999999999995156,218.15578475692868
231,0.04619999999999447,218.38549394362408
232,0.046399999999995334,218.61481583099334
233,0.04659999999999509,218.84375144992495
234,0.04679999999999396,219.0723018250924
235,0.046999999999995046,219.30046797791036
236,0.04719999999999458,219.52825090121058
237,0.04739999999999456,219.7556515857747
238,0.04759999999999409,219.98267103395264
239,0.04779999999999407,220.2093102172121
240,0.04799999999999405,220.43557010018424
241,0.048199999999995136,220.66145166392621
242,0.048399999999994225,220.8869558596488
243,0.048599999999994425,221.11208362435775
244,0.048799999999995514,221.33683593293324
245,0.0489999999999946,221.56121367080524
246,0.04919999999999458,221.78521775617503
247,0.04939999999999456,222.008849069082
248,0.04959999999999587,222.23210849634975
249,0.04979999999999407,222.45499692847005
250,0.04999999999999516,222.67751525926477
251,0.05019999999999425,222.8996643681998
252,0.05039999999999312,223.12144513097218
253,0.05059999999999398,223.34285839741426
254,0.05079999999999574,223.5639050080143
255,0.05099999999999483,223.78458581803108
256,0.05119999999999436,224.0049016483154
257,0.05139999999999412,224.2248533267637
258,0.051599999999995205,224.44444169365076
259,0.05179999999999474,224.6636675545774
260,0.05199999999999427,224.88253169956928
261,0.05219999999999447,225.10103494261173
262,0.05239999999999467,225.31917807111992
263,0.05259999999999376,225.5369618700481
264,0.052799999999994185,225.75438712487718
265,0.05299999999999461,225.97145460946686
266,0.053199999999993475,226.1881650895439
267,0.05339999999999301,226.40451932864002
268,0.0535999999999941,226.62051807910296
269,0.05379999999999363,226.83616209015105
270,0.05399999999999361,227.0514521059981
271,0.05419999999999381,227.26638885371744
272,0.05439999999999312,227.4809730681844
273,0.0545999999999931,227.6952054701151
274,0.0547999999999933,227.909086778122
275,0.054999999999994165,228.1226176960934
276,0.05519999999999303,228.33579893345535
277,0.0553999999999939,228.54863118509437
278,0.05559999999999343,228.76111514183356
279,0.05579999999999252,228.97325148854773
280,0.05599999999999361,229.1850409083707
281,0.056199999999993366,229.3964840828463
282,0.05639999999999401,229.6075816796521
283,0.056599999999992656,229.8183343509948
284,0.05679999999999419,230.0287427632392
285,0.056999999999993944,230.23880756354134
286,0.05719999999999392,230.44852941100254
287,0.057399999999993456,230.6579089381011
288,0.0575999999999941,230.8669467885021
289,0.057799999999993856,231.0756435846714
290,0.05799999999999428,231.28399995743877
291,0.05819999999999381,231.49201652947846
292,0.058399999999993124,231.69969391426753
293,0.058599999999993324,231.90703272314633
294,0.058799999999993524,232.11403355209623
295,0.05899999999999328,232.32069702090362
296,0.05919999999999326,232.5270237072591
297,0.05939999999999457,232.73301420606902
298,0.059599999999994546,232.9386691075669
299,0.05979999999999275,233.14398899340057
300,0.059999999999992726,233.34897443795217
301,0.060199999999993814,233.55362601620575
302,0.060399999999993126,233.75794429538877
303,0.06059999999999355,233.96192983411993
304,0.060799999999993526,234.1655831926614
305,0.06099999999999328,234.36890492188843
306,0.061199999999992816,234.5718955726861
307,0.06139999999999257,234.77455569981515
308,0.061599999999992994,234.97688584038517
309,0.061799999999992306,235.17888652853694
310,0.06199999999999317,235.38055829904175
311,0.062199999999992484,235.5819016783832
312,0.062399999999992906,235.78291719364063
313,0.0625999999999931,235.9836053581003
314,0.06279999999999397,236.18396668883835
315,0.06299999999999328,236.38400169880157
316,0.06319999999999215,236.58371089980108
317,0.0633999999999928,236.78309479357404
318,0.06359999999999344,236.98215387784933
319,0.06379999999999275,237.18088865206636
320,0.0639999999999934,237.37929961621913
321,0.06419999999999293,237.57738724923573
322,0.06439999999999269,237.77515203630125
323,0.06459999999999377,237.97259444964453
324,0.06479999999999264,238.16971497365128
325,0.06499999999999284,238.36651408242764
326,0.06519999999999282,238.5629922492424
327,0.06539999999999258,238.75914993688303
328,0.06559999999999255,238.95498760684558
329,0.0657999999999932,239.15050571776194
330,0.06599999999999318,239.34570473086202
331,0.06619999999999182,239.5405850979139
332,0.06639999999999202,239.73514725879772
333,0.06659999999999311,239.92939166605126
334,0.06679999999999331,240.12331875737917
335,0.06699999999999329,240.31692897028745
336,0.06719999999999282,240.5102227428094
337,0.0673999999999928,240.70320050059271
338,0.06759999999999322,240.89586267797338
339,0.06779999999999364,241.0882096966207
340,0.06799999999999184,241.2802419722564
341,0.06819999999999293,241.47195993327915
342,0.06839999999999313,241.66336399032153
343,0.06859999999999289,241.85445456206148
344,0.06879999999999264,242.04523205333717
345,0.06899999999999196,242.23569687107351
346,0.06919999999999304,242.4258494228112
347,0.06939999999999169,242.61569011460648
348,0.06959999999999167,242.80521934151346
349,0.06979999999999165,242.99443748852275
350,0.06999999999999185,243.18334495941284
351,0.07019999999999227,243.37194213280708
352,0.07039999999999247,243.5602293916562
353,0.070599999999992,243.74820712481008
354,0.07079999999999198,243.9358757057298
355,0.07099999999999262,244.12323550838872
356,0.07119999999999216,244.31028691435705
357,0.07139999999999258,244.49703029151624
358,0.07159999999999189,244.6834660123749
359,0.07179999999999231,244.86959444210294
360,0.0719999999999903,245.05541594219298
361,0.07219999999999183,245.24093087556503
362,0.07239999999999225,245.42613959520523
363,0.07259999999999178,245.61104246285984
364,0.07279999999999154,245.79563982012962
365,0.07299999999999085,245.9799320244289
366,0.07319999999999238,246.16391941851464
367,0.07339999999999214,246.3476023595599
368,0.07359999999999167,246.53098119919866
369,0.07379999999999232,246.71405625765502
370,0.0739999999999914,246.89682787790642
371,0.0741999999999925,247.07929639747817
372,0.07439999999999203,247.26146215597277
373,0.07459999999999245,247.44332547536615
374,0.07479999999999243,247.62488670224428
375,0.07499999999999196,247.8061461465341
376,0.0751999999999915,247.9871041459562
377,0.07539999999999192,248.16776101337175
378,0.07559999999999101,248.34811706787966
379,0.07579999999999165,248.52817262955662
380,0.07599999999999119,248.7079280112918
381,0.07619999999999183,248.88738352214375
382,0.07639999999999136,249.0665394925096
383,0.07659999999999134,249.24539620917838
384,0.07679999999999154,249.4239539852401
385,0.07699999999999196,249.60221313672713
386,0.07719999999999105,249.78017395489397
387,0.07739999999999214,249.95783674777852
388,0.07759999999999123,250.1352018052595
389,0.07779999999999232,250.31226943234768
390,0.07799999999999141,250.48903992352504
391,0.07819999999999161,250.66551355324236
392,0.07839999999999159,250.8416906327833
393,0.07859999999999068,251.01757144289684
394,0.07879999999998999,251.19315627068812
395,0.0789999999999913,251.36844539607952
396,0.07919999999999106,251.54343911732167
397,0.07939999999999126,251.7181377061186
398,0.07959999999999035,251.89254144142603
399,0.07979999999999166,252.06665059383332
400,0.07999999999999163,252.24046545002992
401,0.08019999999999228,252.41398627289627
402,0.08039999999998959,252.58721333818355
403,0.0805999999999909,252.76014693071792
404,0.08079999999999177,252.93278730149333
405,0.08099999999999108,253.1051347356929
406,0.08119999999999106,253.27718949300078
407,0.08139999999999037,253.44895184406545
408,0.08159999999999057,253.62042204681546
409,0.08179999999999166,253.79160035593344
410,0.08199999999999097,253.96248703465864
411,0.08219999999999072,254.13308233581262
412,0.08239999999999159,254.3033865264328
413,0.0825999999999909,254.47339984870052
414,0.0827999999999911,254.6431225628381
415,0.08299999999998975,254.81255493069062
416,0.0831999999999915,254.98169718570674
417,0.0833999999999897,255.15054959135645
418,0.08359999999999079,255.31911236880396
419,0.08379999999999055,255.4873857910296
420,0.08399999999999053,255.65537009889167
421,0.08419999999999095,255.82306553850157
422,0.08439999999999093,255.9904723355179
423,0.0845999999999909,256.15759074830794
424,0.08479999999999199,256.32442099363266
425,0.0849999999999913,256.4909633267272
426,0.0851999999999904,256.657217976383
427,0.08539999999999037,256.82318518393254
428,0.08559999999999013,256.9888651897254
429,0.0857999999999901,257.1542582222527
430,0.08599999999999008,257.3193645067257
431,0.08619999999999095,257.4841842853077
432,0.08639999999999026,257.6487177757138
433,0.08659999999999024,257.8129652154608
434,0.0867999999999911,257.9769268305591
435,0.0869999999999902,258.14060283784875
436,0.08719999999999128,258.3039934636972
437,0.08739999999999126,258.46709894175046
438,0.08759999999999057,258.62991948077814
439,0.08779999999998989,258.7924553164523
440,0.08799999999999053,258.95470665123696
441,0.0881999999999894,259.1166737220502
442,0.08839999999999004,259.2783567380261
443,0.08859999999999069,259.4397559275024
444,0.08879999999999,259.6008715006106
445,0.08899999999998975,259.76170368283834
446,0.0891999999999904,259.92225267225797
447,0.0893999999999906,260.08251869835306
448,0.08959999999999035,260.2425019577704
449,0.089799999999989,260.4022026797303
450,0.08999999999999053,260.56162107382016
451,0.09019999999998962,260.7207573315717
452,0.09039999999999004,260.87961168111144
453,0.09059999999999024,261.03818431467243
454,0.09079999999998911,261.1964754597212
455,0.09099999999999087,261.354485316999
456,0.09119999999999018,261.5122140839238
457,0.09139999999998971,261.6696619759229
458,0.09159999999999036,261.8268291828075
459,0.09179999999998967,261.98371591971426
460,0.09199999999998987,262.140322388771
461,0.09219999999998896,262.2966487891238
462,0.09239999999999005,262.45269532332725
463,0.09259999999998936,262.6084621903137
464,0.09279999999998978,262.7639496069049
465,0.09299999999998976,262.9191577591329
466,0.0931999999999904,263.07408684169286
467,0.09339999999998927,263.22873704721366
468,0.09359999999999036,263.3831085922979
469,0.09379999999998923,263.53720166631854
470,0.09399999999998943,263.691016459897
471,0.0941999999999894,263.84455319074175
472,0.09439999999998916,263.9978120529961
473,0.09459999999998936,264.1507932274912
474,0.09479999999999,264.303496921779
475,0.09499999999998887,264.45592331924246
476,0.09519999999998907,264.6080726091272
477,0.09539999999999016,264.7599449873621
478,0.09559999999999014,264.91154064518184
479,0.09579999999998945,265.06285979558413
480,0.09599999999998943,265.2139026165742
481,0.09619999999998874,265.3646693071586
482,0.09639999999998983,265.5151600391923
483,0.09659999999998914,265.6653750194915
484,0.09679999999998867,265.81531444481305
485,0.09699999999998932,265.96497852403695
486,0.09719999999998952,266.11436742615666
487,0.0973999999999886,266.2634813347326
488,0.09759999999999036,266.4123204406489
489,0.09779999999998812,266.5608849231816
490,0.09799999999998943,266.7091749858772
491,0.09819999999998963,266.8571908099167
492,0.09839999999998827,267.00493258839003
493,0.09859999999998914,267.1524005036924
494,0.0987999999999889,267.29959475304236
495,0.0989999999999891,267.44651551870214
496,0.09919999999998907,267.59316297977745
497,0.09939999999998839,267.7395373357361
498,0.09959999999998903,267.8856387564607
499,0.09979999999998967,268.031467433332
500,0.09999999999998899,268.17702357773226
501,0.10019999999998808,268.3223073656061
502,0.10039999999998939,268.4673189770491
503,0.10059999999998959,268.61205859832523
504,0.10079999999998868,268.75652641464615
505,0.10099999999998954,268.90072260582997
506,0.10119999999998863,269.0446473619379
507,0.10139999999998905,269.1883008910126
508,0.10159999999998948,269.3316833674542
509,0.10179999999998834,269.4747949851671
510,0.10199999999998877,269.6176359190851
511,0.10219999999998874,269.7602063644738
512,0.10239999999998894,269.9025064991233
513,0.10259999999998892,270.0445365177767
514,0.10279999999998823,270.186296592923
515,0.10299999999998866,270.3277869250742
516,0.10319999999998863,270.4690077070774
517,0.1033999999999875,270.60995910868604
518,0.10359999999998792,270.7506413278773
519,0.10379999999998835,270.8910545630929
520,0.1039999999999881,271.0311989780777
521,0.1041999999999883,271.1710747701589
522,0.10439999999998828,271.3106821449819
523,0.1045999999999887,271.45002128182665
524,0.1047999999999889,271.58909236953735
525,0.10499999999998777,271.7278956047493
526,0.10519999999998864,271.86643114959423
527,0.10539999999998728,272.0046992251966
528,0.10559999999998748,272.1426999862173
529,0.10579999999998879,272.28043366607386
530,0.10599999999998877,272.41790040874736
531,0.10619999999998875,272.55510041351204
532,0.10639999999998895,272.69203387846756
533,0.10659999999998848,272.8287009864557
534,0.10679999999998824,272.96510194853704
535,0.10699999999998777,273.1012369361794
536,0.10719999999998753,273.2371061674488
537,0.10739999999998795,273.3727098144335
538,0.10759999999998793,273.50804807196505
539,0.10779999999998746,273.6431211437109
540,0.107999999999987,273.7779292008519
541,0.1081999999999883,273.9124724404975
542,0.10839999999998895,274.04675106593106
543,0.10859999999998804,274.1807652520045
544,0.10879999999998757,274.31451520812385
545,0.10899999999998733,274.4480011354903
546,0.1091999999999882,274.58122321882684
547,0.10939999999998795,274.7141816444829
548,0.10959999999998771,274.84687663416213
549,0.10979999999998702,274.97930837226016
550,0.10999999999998766,275.11147706199915
551,0.11019999999998809,275.24338290835925
552,0.1103999999999874,275.3750260987111
553,0.11059999999998871,275.50640682620434
554,0.11079999999998846,275.6375252925573
555,0.11099999999998733,275.7683817152692
556,0.11119999999998798,275.8989762695596
557,0.11139999999998795,276.02930916658113
558,0.11159999999998926,276.1593805917808
559,0.11179999999998724,276.289190765152
560,0.11199999999998811,276.41873989398096
561,0.11219999999998764,276.54802815899166
562,0.11239999999998651,276.6770557907583
563,0.11259999999998871,276.8058229732819
564,0.1127999999999878,276.9343299242177
565,0.11299999999998778,277.0625768447821
566,0.11319999999998753,277.1905639484628
567,0.11339999999998795,277.3182914213862
568,0.11359999999998793,277.4457594822189
569,0.11379999999998636,277.57296834074015
570,0.11399999999998744,277.6999182082048
571,0.11419999999998809,277.82660929049626
572,0.11439999999998718,277.9530417995782
573,0.11459999999998782,278.0792159377323
574,0.11479999999998713,278.2051319236662
575,0.11499999999998778,278.33078998299334
576,0.11519999999998598,278.4561903157352
577,0.11539999999998729,278.5813331249391
578,0.11559999999998771,278.70621861703023
579,0.11579999999998591,278.8308470179389
580,0.115999999999987,278.9552185591351
581,0.11619999999998742,279.0793334468438
582,0.11639999999998762,279.2031918924661
583,0.11659999999998716,279.3267941215768
584,0.11679999999998669,279.4501403552387
585,0.11699999999998667,279.5732308007011
586,0.11719999999998842,279.6960657079089
587,0.11739999999998685,279.81864526700866
588,0.11759999999998794,279.94096970976295
589,0.11779999999998769,280.06303925564083
590,0.11799999999998745,280.1848541507669
591,0.11819999999998743,280.3064145898775
592,0.11839999999998696,280.4277208077885
593,0.11859999999998672,280.5487730589101
594,0.11879999999998692,280.66957155040535
595,0.11899999999998823,280.7901164815521
596,0.1191999999999862,280.91040811545844
597,0.1193999999999873,281.03044666357414
598,0.11959999999998616,281.15023237903534
599,0.11979999999998725,281.26976548081007
600,0.11999999999998634,281.3890461936089
601,0.1201999999999872,281.50807473128884
602,0.12039999999998696,281.6268513518331
603,0.1205999999999876,281.7453762864466
604,0.12079999999998692,281.8636497883478
605,0.12099999999998712,281.9816720749072
606,0.12119999999998599,282.09944339941353
607,0.12139999999998641,282.21696397518525
608,0.12159999999998683,282.33423405443193
609,0.12179999999998681,282.45125388229764
610,0.12199999999998656,282.5680236862386
611,0.12219999999998676,282.684543724684
612,0.12239999999998652,282.8008142316746
613,0.12259999999998583,282.91683544716494
614,0.12279999999998603,283.0326076097382
615,0.12299999999998579,283.14813097534767
616,0.12319999999998732,283.26340578140497
617,0.12339999999998619,283.3784322810547
618,0.12359999999998594,283.49321070380535
619,0.12379999999998725,283.6077413353553
620,0.12399999999998568,283.72202441038644
621,0.12419999999998566,283.83606017555434
622,0.12439999999998674,283.9498488794002
623,0.12459999999998672,284.0633907644244
624,0.12479999999998492,284.17668609989374
625,0.12499999999998668,284.2897351288145
626,0.12519999999998666,284.4025381264449
627,0.12539999999998575,284.515095326413
628,0.12559999999998617,284.6274070075197
629,0.12579999999998637,284.7394734246312
630,0.12599999999998568,284.8512948370753
631,0.12619999999998743,284.9628715076696
632,0.12639999999998652,285.07420369235905
633,0.12659999999998606,285.1852916571001
634,0.12679999999998626,285.2961356797341
635,0.12699999999998535,285.4067359933978
636,0.1271999999999851,285.51709288691404
637,0.1273999999999862,285.6272066223569
638,0.12759999999998617,285.73707745549086
639,0.1277999999999857,285.8467056715133
640,0.12799999999998568,285.95609152520785
641,0.1281999999999861,286.0652353104015
642,0.1283999999999852,286.1741373046969
643,0.12859999999998495,286.2827977293171
644,0.12879999999998604,286.3912169073601
645,0.12899999999998646,286.49939509320274
646,0.12919999999998577,286.60733254534847
647,0.1293999999999853,286.7150295706303
648,0.12959999999998617,286.82248645132404
649,0.1297999999999857,286.9297034589935
650,0.12999999999998502,287.0366808836906
651,0.1301999999999861,287.1434189874529
652,0.13039999999998586,287.249918055195
653,0.1305999999999854,287.3561783558621
654,0.13079999999998582,287.46220018899925
655,0.13099999999998557,287.56798382339235
656,0.13119999999998555,287.67352956021347
657,0.13139999999998486,287.7788376732529
658,0.13159999999998417,287.88390846444884
659,0.13179999999998548,287.98874220230005
660,0.13199999999998568,288.09333918531075
661,0.13219999999998544,288.19769967947883
662,0.13239999999998453,288.3018240267275
663,0.1325999999999854,288.4057124536603
664,0.1327999999999856,288.509365308868
665,0.13299999999998535,288.6127828137092
666,0.13319999999998489,288.7159653610892
667,0.13339999999998553,288.81891314167996
668,0.13359999999998484,288.92162655986084
669,0.13379999999998504,289.0241058138423
670,0.13399999999998458,289.12635129930885
671,0.13419999999998544,289.2283632387359
672,0.1343999999999852,289.33014203907
673,0.13459999999998518,289.4316878474078
674,0.13479999999998493,289.5330011081398
675,0.13499999999998535,289.6340819590507
676,0.135199999999984,289.7349308876381
677,0.1353999999999853,289.83554801385185
678,0.13559999999998507,289.9359337977887
679,0.13579999999998504,290.0360883947606
680,0.13599999999998458,290.1360122960422
681,0.13619999999998456,290.235705607295
682,0.1363999999999852,290.33516886712636
683,0.13659999999998496,290.43440213768844
684,0.13679999999998405,290.53340595865325
685,0.13699999999998602,290.6321803910396
686,0.1371999999999851,290.73072603387897
687,0.13739999999998442,290.8290429034806
688,0.1375999999999853,290.9271316427021
689,0.13779999999998438,291.02499220479285
690,0.13799999999998458,291.1226252889427
691,0.13819999999998456,291.2200308734891
692,0.1383999999999843,291.31720963893525
693,0.1385999999999854,291.4141615766905
694,0.13879999999998405,291.51088741421313
695,0.13899999999998403,291.60738700262414
696,0.1391999999999849,291.7036612097488
697,0.13939999999998554,291.79970980297077
698,0.13959999999998618,291.8955337074322
699,0.13979999999998416,291.9911326484188
700,0.13999999999998436,292.0865075577041
701,0.14019999999998412,292.18165821974003
702,0.1403999999999841,292.2765855311594
703,0.14059999999998363,292.3712892504118
704,0.14079999999998472,292.4657702925027
705,0.1409999999999847,292.56002841870986
706,0.14119999999998534,292.65406449768324
707,0.1413999999999831,292.7478783234284
708,0.14159999999998485,292.84147081607864
709,0.14179999999998394,292.934841707565
710,0.14199999999998392,293.02799193559275
711,0.14219999999998456,293.1209212236916
712,0.14239999999998543,293.2136305181966
713,0.14259999999998474,293.3061195811979
714,0.14279999999998338,293.3983893060038
715,0.14299999999998425,293.490439446064
716,0.1431999999999849,293.5822708993793
717,0.1433999999999831,293.6738834398979
718,0.1435999999999844,293.76527799342693
719,0.14379999999998394,293.8564543106066
720,0.14399999999998414,293.9474133029997
721,0.144199999999983,294.0381547616611
722,0.14439999999998432,294.1286796204502
723,0.14459999999998407,294.21898762678
724,0.1447999999999836,294.3090796939394
725,0.14499999999998292,294.39895562296965
726,0.14519999999998423,294.488616295455
727,0.14539999999998332,294.5780615515779
728,0.1455999999999844,294.6672922528843
729,0.1457999999999835,294.75630820999885
730,0.1459999999999837,294.8451103443366
731,0.14619999999998368,294.93369845402225
732,0.14639999999998343,295.0220734658517
733,0.1465999999999823,295.1102351453275
734,0.14679999999998516,295.19818439952496
735,0.1469999999999836,295.2859210406426
736,0.14719999999998334,295.3734460214182
737,0.1473999999999842,295.460759096118
738,0.14759999999998308,295.5478611980275
739,0.14779999999998372,295.6347521125933
740,0.14799999999998392,295.7214327771993
741,0.1481999999999828,295.80790297979735
742,0.1483999999999832,295.8941636292292
743,0.14859999999998363,295.98021452941674
744,0.1487999999999836,296.0660566534114
745,0.14899999999998315,296.15168974524437
746,0.1491999999999838,296.23711477868085
747,0.14939999999998355,296.32233150821776
748,0.1495999999999833,296.4073408824476
749,0.14979999999998328,296.49214268775347
750,0.14999999999998326,296.5767378917527
751,0.15019999999998324,296.6611262650086
752,0.15039999999998432,296.7453087559596
753,0.15059999999998275,296.82928514008796
754,0.15079999999998384,296.913056372314
755,0.15099999999998293,296.9966222538889
756,0.15119999999998357,297.0799837901463
757,0.15139999999998288,297.1631406735397
758,0.15159999999998353,297.24609391587995
759,0.15179999999998373,297.32884324203275
760,0.15199999999998415,297.4113896864314
761,0.1521999999999839,297.4937329905842
762,0.15239999999998277,297.5758741356347
763,0.15259999999998253,297.6578128731948
764,0.15279999999998317,297.739550214519
765,0.15299999999998404,297.8210859288465
766,0.15319999999998357,297.902420947837
767,0.15339999999998377,297.98355503557684
768,0.15359999999998286,298.0644892305665
769,0.15379999999998284,298.1452232871988
770,0.15399999999998282,298.2257582189671
771,0.15419999999998235,298.3060937130287
772,0.15439999999998388,298.3862308137476
773,0.15459999999998275,298.4661692677425
774,0.15479999999998295,298.54591008926167
775,0.15499999999998293,298.62545301163743
776,0.1551999999999818,298.7047990675882
777,0.1553999999999831,298.78394797372727
778,0.1555999999999822,298.8629007599645
779,0.15579999999998262,298.9416571323428
780,0.1559999999999826,299.02021818949396
781,0.15619999999998213,299.09858361660866
782,0.15639999999998255,299.1767544398732
783,0.1565999999999832,299.25473037200265
784,0.15679999999998206,299.33251252408286
785,0.15699999999998204,299.4101005556427
786,0.1571999999999827,299.487495542215
787,0.15739999999998244,299.5646971485245
788,0.15759999999998375,299.6417065286645
789,0.15779999999998195,299.7185232655005
790,0.15799999999998326,299.7951485498519
791,0.15819999999998147,299.87158198607756
792,0.15839999999998278,299.9478247265
793,0.15859999999998187,300.0238763795171
794,0.1587999999999825,300.0997381125339
795,0.15899999999998138,300.17540951136095
796,0.15919999999998247,300.2508917704709
797,0.1593999999999829,300.3261844879094
798,0.15959999999998198,300.4012888383652
799,0.15979999999998218,300.4762043827955
800,0.15999999999998216,300.5509322963574
801,0.16019999999998125,300.6254722140237
802,0.1603999999999819,300.69982531847364
803,0.16059999999998253,300.7739911437531
804,0.16079999999998162,300.84797093402824
805,0.16099999999998182,300.92176425267473
806,0.16119999999998225,300.9953723268844
807,0.16139999999998156,301.0687946667318
808,0.16159999999998131,301.1420325102919
809,0.16179999999998174,301.2150854293063
810,0.1619999999999815,301.2879546619248
811,0.16219999999998214,301.3606397144582
812,0.16239999999998167,301.4331418350881
813,0.16259999999998254,301.50546054446744
814,0.16279999999998185,301.57759714298453
815,0.16299999999998094,301.64955109589613
816,0.16319999999998247,301.72132367791494
817,0.16339999999998178,301.79291440112337
818,0.16359999999998243,301.8643245434387
819,0.16379999999998263,301.93555362586955
820,0.1639999999999826,302.00660290729326
821,0.16419999999998147,302.0774718923172
822,0.16439999999998212,302.14816184155023
823,0.16459999999998254,302.2186722609553
824,0.16479999999998163,302.28900444006143
825,0.1649999999999816,302.3591578784937
826,0.1651999999999818,302.4291338544938
827,0.165399999999982,302.498931823965
828,0.16559999999998132,302.56855315938117
829,0.1657999999999813,302.63799728635706
830,0.16599999999998127,302.707265528351
831,0.16619999999998214,302.7763573194653
832,0.16639999999998056,302.8452740256516
833,0.1665999999999821,302.91401503303746
834,0.1667999999999823,302.9825817560682
835,0.16699999999998139,303.0509735809236
836,0.1671999999999818,303.11919188767814
837,0.16739999999998134,303.18723607641186
838,0.16759999999998132,303.25510754335494
839,0.16779999999998152,303.322805626409
840,0.1679999999999815,303.3903317470027
841,0.16819999999998192,303.4576852855657
842,0.16839999999998168,303.5248676526211
843,0.16859999999998054,303.5918782405421
844,0.16879999999998185,303.65871840805227
845,0.1689999999999816,303.7253875394649
846,0.16919999999998092,303.7918870226818
847,0.16939999999998068,303.85821629274557
848,0.16959999999998066,303.92437668581823
849,0.16979999999998152,303.99036760266625
850,0.16999999999998083,304.056190440028
851,0.17019999999998148,304.12184459011
852,0.17039999999998146,304.1873314258127
853,0.1705999999999821,304.2526503378553
854,0.17079999999998052,304.3178026874013
855,0.1709999999999805,304.3827879044946
856,0.17119999999998026,304.4476073438314
857,0.17139999999998157,304.512260412828
858,0.1715999999999822,304.5767484771991
859,0.17179999999998086,304.64107096348
860,0.1719999999999804,304.7052291962039
861,0.17219999999998148,304.76922260174433
862,0.17239999999998123,304.83305252981927
863,0.17259999999998077,304.89671844652963
864,0.1727999999999803,304.9602216374489
865,0.17299999999998183,305.02356154746826
866,0.1731999999999807,305.08673949865477
867,0.1733999999999809,305.1497549633364
868,0.17359999999998066,305.2126092646688
869,0.1737999999999813,305.27530181254275
870,0.17399999999998172,305.33783393635827
871,0.17419999999998126,305.40020508568523
872,0.17439999999998101,305.4624165882737
873,0.17459999999998033,305.5244678774136
874,0.1747999999999812,305.58636025552573
875,0.17499999999998095,305.64809319801395
876,0.1751999999999807,305.7096680135124
877,0.17539999999998068,305.7710841306618
878,0.17559999999998,305.83234289235884
879,0.17579999999997997,305.89344372954946
880,0.17599999999998062,305.95438793792965
881,0.17619999999997904,306.01517497021246
882,0.17639999999998035,306.07580613599004
883,0.17659999999998033,306.1362809116455
884,0.17679999999998053,306.1966005773599
885,0.17699999999997984,306.25676458349267
886,0.17719999999998093,306.3167742347568
887,0.17739999999998068,306.3766289963518
888,0.17759999999998044,306.4363301567917
889,0.1777999999999802,306.4958771712779
890,0.17799999999998017,306.5552713200889
891,0.17819999999998126,306.6145120682742
892,0.1783999999999799,306.6736007186988
893,0.17859999999998077,306.73253673784615
894,0.17879999999998097,306.79132136976887
895,0.17899999999997984,306.84995411486807
896,0.17919999999998026,306.90843623611204
897,0.17939999999998002,306.9667672368651
898,0.17959999999997978,307.02494833333697
899,0.17979999999997953,307.0829790607084
900,0.17999999999997973,307.14086061717603
901,0.18019999999998082,307.19859254205954
902,0.18039999999998146,307.2561760198008
903,0.18059999999998033,307.3136106192911
904,0.18079999999997987,307.37089753521576
905,0.18099999999998118,307.4280363180625
906,0.18119999999997938,307.48502813853975
907,0.18139999999998047,307.54187252502845
908,0.18159999999998067,307.5985706667916
909,0.1817999999999802,307.6551221559084
910,0.1819999999999793,307.71152814078516
911,0.18219999999997993,307.7677881985572
912,0.18239999999997858,307.8239034506766
913,0.1825999999999799,307.8798735141373
914,0.18279999999997942,307.935699504344
915,0.18299999999997896,307.9913810459605
916,0.18319999999997938,308.04691924988174
917,0.18339999999998002,308.1023137113889
918,0.18359999999997978,308.1575655621714
919,0.18379999999997887,308.212674385873
920,0.18399999999997885,308.2676413145488
921,0.1841999999999797,308.3224659741552
922,0.1843999999999797,308.37714944978774
923,0.18459999999997923,308.43169134879923
924,0.18479999999997987,308.48609280075675
925,0.1849999999999805,308.5403533628649
926,0.18519999999998027,308.5944741939563
927,0.18539999999998025,308.64845488069807
928,0.18559999999997934,308.70229652038813
929,0.18579999999997954,308.7559987562983
930,0.18599999999997952,308.8095626469669
931,0.18619999999997927,308.86298781846233
932,0.18639999999997925,308.91627535424584
933,0.18659999999997923,308.9694248911058
934,0.18679999999997943,309.02243751567886
935,0.18699999999997896,309.0753128576947
936,0.18719999999997894,309.1280519366133
937,0.18739999999997958,309.18065443474416
938,0.18759999999997823,309.23312139549876
939,0.18779999999997954,309.2854524536649
940,0.18799999999997907,309.3376486737021
941,0.18819999999997905,309.3897097100201
942,0.18839999999997903,309.4416366056058
943,0.18859999999997923,309.4934289993258
944,0.18879999999997965,309.54508792853875
945,0.18899999999998007,309.59661304676644
946,0.1891999999999776,309.64800541930964
947,0.18939999999998003,309.6992646469651
948,0.18959999999997912,309.75039183662665
949,0.18979999999997843,309.8013865627203
950,0.18999999999997996,309.8522499209714
951,0.1901999999999784,309.9029815032878
952,0.1903999999999797,309.9535824187439
953,0.19059999999997812,310.00405223073614
954,0.19079999999998032,310.0543920444174
955,0.1909999999999792,310.1046014138513
956,0.1911999999999794,310.15468145669354
957,0.19139999999997892,310.2046317841428
958,0.191599999999978,310.2544534613801
959,0.19179999999997865,310.3041460343305
960,0.1919999999999784,310.35371066924284
961,0.1921999999999784,310.40314687256233
962,0.1923999999999797,310.4524557881639
963,0.19259999999997923,310.5016369518586
964,0.1927999999999792,310.5506914728239
965,0.19299999999997874,310.59961894101673
966,0.1931999999999785,310.64842040296867
967,0.19339999999997848,310.69709545919295
968,0.1935999999999778,310.7456452023578
969,0.19379999999997843,310.794069203975
970,0.1939999999999782,310.84236852311733
971,0.1941999999999784,310.89054275144616
972,0.1943999999999797,310.93859296627335
973,0.19459999999997835,310.9865187518141
974,0.19479999999997855,311.0343211538518
975,0.19499999999997852,311.0819998041367
976,0.19519999999997872,311.1295557093642
977,0.1953999999999796,311.1769884986033
978,0.195599999999978,311.2242991879374
979,0.19579999999997777,311.2714874065596
980,0.19599999999997797,311.31855416763733
981,0.19619999999997795,311.3654991049748
982,0.19639999999997793,311.41232322906643
983,0.19659999999997968,311.4590261799975
984,0.1967999999999781,311.50560894881676
985,0.1969999999999783,311.552071142675
986,0.19719999999997873,311.5984138093951
987,0.19739999999997804,311.6446365849032
988,0.1975999999999789,311.69074038667316
989,0.19779999999997866,311.7367249450472
990,0.19799999999997797,311.7825911805094
991,0.1981999999999775,311.8283387985004
992,0.19839999999997726,311.8739687073311
993,0.19859999999997857,311.9194806200628
994,0.1987999999999781,311.9648754612576
995,0.19899999999997697,312.0101529344421
996,0.19919999999997873,312.0553139150264
997,0.19939999999997826,312.10035817746444
998,0.19959999999997935,312.14528655190355
999,0.19979999999997755,312.19009882140205
1000,0.19999999999997775,312.2347958338229
1001,0.20019999999997773,312.2793773781543
1002,0.2003999999999777,312.3238442079193
1003,0.20059999999997746,312.36819617637633
1004,0.20079999999997789,312.4124340789908
1005,0.20099999999997853,312.4565577406799
1006,0.20119999999997829,312.50056793115766
1007,0.2013999999999776,312.54446450337315
1008,0.20159999999997824,312.5882481396254
1009,0.20179999999997822,312.6319187788926
1010,0.20199999999997686,312.6754770984585
1011,0.20219999999997795,312.71892300701
1012,0.20239999999997793,312.76225722336767
1013,0.20259999999997658,312.8054795736606
1014,0.20279999999997722,312.8485908319885
1015,0.20299999999997698,312.8915908668541
1016,0.20319999999997695,312.9344803494216
1017,0.20339999999997782,312.97725920711684
1018,0.20359999999997758,313.01992810779734
1019,0.20379999999997733,313.0624869726303
1020,0.20399999999997775,313.1049364309546
1021,0.2041999999999773,313.1472764452805
1022,0.20439999999997727,313.189507656095
1023,0.20459999999997613,313.2316299804414
1024,0.2047999999999781,313.2736440728311
1025,0.2049999999999763,313.31554991048506
1026,0.20519999999997784,313.35734804565044
1027,0.20539999999997582,313.3990384795116
1028,0.2055999999999767,313.4406218049146
1029,0.20579999999997645,313.48209801214887
1030,0.20599999999997642,313.52346767232024
1031,0.2061999999999773,313.56473075624757
1032,0.2063999999999777,313.6058878883536
1033,0.20659999999997725,313.6469390060042
1034,0.20679999999997678,313.68788470559974
1035,0.2069999999999783,313.72872496171146
1036,0.20719999999997696,313.7694603558779
1037,0.20739999999997805,313.81009089196664
1038,0.20759999999997758,313.8506170958965
1039,0.2077999999999769,313.8910390192545
1040,0.20799999999997731,313.9313571532841
1041,0.2081999999999764,313.97157154820707
1042,0.20839999999997705,314.0116827018042
1043,0.20859999999997747,314.0516906774522
1044,0.20879999999997678,314.0915959520739
1045,0.20899999999997698,314.13139860692553
1046,0.20919999999997785,314.1710991134701
1047,0.20939999999997694,314.2106975091959
1048,0.20959999999997736,314.2501943032225
1049,0.20979999999997712,314.2895895233094
1050,0.2099999999999771,314.3288836925743
1051,0.2101999999999773,314.368076840319
1052,0.21039999999997727,314.407169447223
1053,0.2105999999999757,314.4461615803596
1054,0.21079999999997634,314.4850537032465
1055,0.21099999999997698,314.5238458721221
1056,0.21119999999997652,314.56253855743876
1057,0.2113999999999776,314.60113183308
1058,0.21159999999997692,314.639626132433
1059,0.2117999999999769,314.6780215698278
1060,0.21199999999997643,314.71631854214013
1061,0.21219999999997663,314.75451715534166
1062,0.21239999999997683,314.792617838557
1063,0.21259999999997592,314.8306207051014
1064,0.21279999999997634,314.8685261291608
1065,0.2129999999999781,314.9063342531709
1066,0.2131999999999763,314.94404545883526
1067,0.2133999999999754,314.9816598662284
1068,0.21359999999997692,315.0191778618807
1069,0.213799999999976,315.05659960477726
1070,0.21399999999997643,315.09392541770796
1071,0.21419999999997708,315.131155469883
1072,0.2143999999999746,315.16829011059195
1073,0.2145999999999768,315.2053295103759
1074,0.2147999999999768,315.24227395520865
1075,0.21499999999997566,315.2791237015643
1076,0.2151999999999763,315.3158789972475
1077,0.2153999999999765,315.35254007838756
1078,0.21559999999997626,315.38910719641314
1079,0.21579999999997534,315.4255805955429
1080,0.21599999999997554,315.4619605281513
1081,0.21619999999997597,315.49824723933324
1082,0.21639999999997572,315.5344409505874
1083,0.21659999999997548,315.57054192901666
1084,0.21679999999997612,315.6065504237832
1085,0.21699999999997632,315.6424666647161
1086,0.21719999999997675,315.67829090004295
1087,0.2173999999999765,315.71402338709896
1088,0.21759999999997715,315.7496643437134
1089,0.21779999999997668,315.7852140267636
1090,0.21799999999997532,315.8206726450312
1091,0.2181999999999762,315.85604047735217
1092,0.21839999999997617,315.89131770877435
1093,0.2185999999999768,315.926504615023
1094,0.21879999999997723,315.96160142577605
1095,0.21899999999997521,315.9966083930919
1096,0.2191999999999763,316.0315257090942
1097,0.21939999999997473,316.0663536439214
1098,0.2195999999999756,316.10109242210626
1099,0.21979999999997601,316.13574227978756
1100,0.21999999999997621,316.17030342749376
1101,0.22019999999997575,316.20477613040964
1102,0.2203999999999755,316.23916056767536
1103,0.22059999999997548,316.27345703885834
1104,0.22079999999997635,316.3076656760116
1105,0.2209999999999761,316.34178683072565
1106,0.2211999999999752,316.37582061662084
1107,0.2213999999999754,316.40976737771086
1108,0.22159999999997604,316.4436272015194
1109,0.22179999999997424,316.47740043947397
1110,0.221999999999976,316.51108722085627
1111,0.22219999999997486,316.54468786161266
1112,0.22239999999997528,316.57820248061506
1113,0.22259999999997548,316.6116314205976
1114,0.22279999999997546,316.6449747792966
1115,0.22299999999997566,316.67823289390464
1116,0.22319999999997542,316.71140586559494
1117,0.22339999999997628,316.74449405304875
1118,0.22359999999997449,316.77749750764747
1119,0.22379999999997557,316.810416641894
1120,0.22399999999997533,316.8432514894816
1121,0.22419999999997575,316.8760024277623
1122,0.22439999999997662,316.9086695131222
1123,0.22459999999997482,316.94125312348564
1124,0.2247999999999748,316.97375331696435
1125,0.22499999999997455,317.00617048107995
1126,0.22519999999997564,317.0385046660433
1127,0.22539999999997495,317.0707562311571
1128,0.22559999999997538,317.1029252378281
1129,0.22579999999997513,317.13501204138106
1130,0.22599999999997533,317.1670167137998
1131,0.2261999999999742,317.19893960217127
1132,0.22639999999997462,317.23078079791037
1133,0.22659999999997438,317.2625406216266
1134,0.22679999999997436,317.2942191636117
1135,0.226999999999975,317.32581677274646
1136,0.22719999999997498,317.3573335077362
1137,0.22739999999997518,317.3887696936087
1138,0.22759999999997405,317.4201254396833
1139,0.2277999999999747,317.4514010674765
1140,0.22799999999997467,317.4825966536613
1141,0.2281999999999751,317.51371252461564
1142,0.2283999999999753,317.54474875340173
1143,0.22859999999997593,317.5757056903247
1144,0.22879999999997525,317.60658337461047
1145,0.2289999999999739,317.63738217310157
1146,0.22919999999997565,317.66810213180975
1147,0.22939999999997562,317.69874361087994
1148,0.2295999999999756,317.72930664686066
1149,0.2297999999999747,317.75979159131526
1150,0.22999999999997467,317.79019849311226
1151,0.2301999999999742,317.8205277097266
1152,0.2303999999999755,317.85077926311527
1153,0.23059999999997371,317.88095353361626
1154,0.23079999999997436,317.91105053405664
1155,0.23099999999997478,317.9410706314982
1156,0.23119999999997454,317.9710138503829
1157,0.2313999999999743,318.000880562381
1158,0.23159999999997338,318.03067078991694
1159,0.23179999999997358,318.06038492028193
1160,0.231999999999976,318.0900229237541
1161,0.23219999999997332,318.11958519361116
1162,0.2323999999999744,318.149071743451
1163,0.23259999999997505,318.17848294813007
1164,0.23279999999997436,318.2078188052185
1165,0.23299999999997345,318.2370796833653
1166,0.23319999999997454,318.2662656017169
1167,0.23339999999997407,318.2953769311737
1168,0.23359999999997472,318.32441366244143
1169,0.23379999999997447,318.35337618910734
1170,0.23399999999997378,318.38226447859427
1171,0.23419999999997443,318.41107893083216
1172,0.23439999999997507,318.4398195270951
1173,0.2345999999999746,318.4684866490304
1174,0.23479999999997392,318.4970802887789
1175,0.23499999999997434,318.52560083669164
1176,0.23519999999997387,318.5540482591627
1177,0.23539999999997385,318.58242293476906
1178,0.23559999999997472,318.61072485202726
1179,0.23579999999997336,318.63895440164646
1180,0.2359999999999738,318.6671115564611
1181,0.23619999999997376,318.69519669368833
1182,0.2363999999999742,318.72320978926473
1183,0.23659999999997372,318.75115123664557
1184,0.23679999999997436,318.77902100316396
1185,0.23699999999997368,318.80681946970327
1186,0.23719999999997454,318.834546603971
1187,0.2373999999999732,318.86220279531653
1188,0.23759999999997383,318.8897880005637
1189,0.23779999999997403,318.91730262529467
1190,0.237999999999974,318.94474661608024
1191,0.2381999999999731,318.97212037909145
1192,0.23839999999997397,318.99942383474854
1193,0.2385999999999735,319.0266574160319
1194,0.2387999999999737,319.05382104548835
1195,0.23899999999997368,319.0809151368885
1196,0.23919999999997255,319.1079396206854
1197,0.23939999999997408,319.13489492368967
1198,0.23959999999997406,319.1617809505154
1199,0.2397999999999736,319.1885981404985
1200,0.2399999999999729,319.21534638101065
1201,0.2401999999999742,319.2420261270667
1202,0.24039999999997308,319.2686372598694
1203,0.24059999999997372,319.29518024856367
1204,0.24079999999997326,319.32165494129987
1205,0.24099999999997435,319.3480618195064
1206,0.2411999999999732,319.37440073292544
1207,0.24139999999997253,319.40067219043334
1208,0.24159999999997472,319.4268760049865
1209,0.2417999999999736,319.45301266217103
1210,0.2419999999999738,319.47908201385616
1211,0.24219999999997333,319.5050845801122
1212,0.24239999999997242,319.53102014449763
1213,0.24259999999997328,319.55688922117946
1214,0.24279999999997348,319.5826916129425
1215,0.24299999999997257,319.60842787777267
1216,0.24319999999997255,319.6340977703324
1217,0.24339999999997275,319.65970184662535
1218,0.24359999999997406,319.6852398708659
1219,0.24379999999997293,319.7107124292008
1220,0.2439999999999729,319.73611923404553
1221,0.24419999999997266,319.76146087013956
1222,0.24439999999997264,319.786737082976
1223,0.24459999999997217,319.81194845737684
1224,0.24479999999997304,319.83709470928966
1225,0.24499999999997324,319.8621764222524
1226,0.24519999999997322,319.8871933044885
1227,0.2453999999999743,319.91214600049767
1228,0.24559999999997273,319.93703419468477
1229,0.24579999999997248,319.96185847064345
1230,0.24599999999997313,319.98661853770744
1231,0.24619999999997244,320.01131501790155
1232,0.24639999999997308,320.0359476059552
1233,0.24659999999997262,320.0605169112462
1234,0.24679999999997349,320.0850226121133
1235,0.24699999999997257,320.1094653447612
1236,0.2471999999999719,320.1338447692233
1237,0.2473999999999712,320.1581615305325
1238,0.24759999999997273,320.18241527851285
1239,0.24779999999997293,320.2066066592333
1240,0.24799999999997357,320.2307353249288
1241,0.24819999999997244,320.25480192238234
1242,0.24839999999997198,320.2788061063568
1243,0.24859999999997262,320.302748520912
1244,0.2487999999999735,320.32662881266657
1245,0.24899999999997213,320.350447628047
1246,0.24919999999997322,320.37420460504177
1247,0.2493999999999721,320.39790039867836
1248,0.24959999999997295,320.4215346526913
1249,0.2497999999999727,320.4451080055677
1250,0.24999999999997202,320.4686201001356
