sim_id,n_grains,returncode,sigma_y,n,K,sigma_u,epsilon_uniform,E,epsilon_y,work_uniform
orientation_103,455,0,151.924,0.306834,619.316,320.469,0.242729,44077.5,0.0058,66.7729
orientation_120,341,0,151.968,0.307365,620.323,321.059,0.242719,44098.3,0.0058,66.8029
orientation_1449,506,0,151.885,0.304918,614.387,318.956,0.242732,43887.4,0.0058,66.5255
orientation_1588,459,0,151.093,0.306983,617.036,318.976,0.242741,43943.2,0.0058,66.5041
orientation_1612,425,0,146.477,0.305822,610.224,314.915,0.242793,43693.4,0.0056,65.9263
orientation_1678,862,0,150.572,0.306791,615.891,318.35,0.242801,44221.4,0.0058,66.4072
orientation_170,753,0,150.945,0.307084,617.51,319.132,0.242796,44296.3,0.0058,66.539
orientation_1793,508,0,146.294,0.304947,608.283,314.824,0.242839,43961.1,0.0056,65.8442
orientation_181,376,0,153.025,0.304983,617.438,320.464,0.242769,44316.6,0.0058,66.8482
orientation_1810,724,0,145.551,0.306809,609.327,314.158,0.242845,43910,0.0056,65.6836
orientation_1813,384,0,144.868,0.307721,610.087,314.122,0.242798,43614.9,0.0056,65.6301
orientation_1878,362,0,148.586,0.304914,608.19,314.903,0.242779,43609.6,0.0058,65.8463
orientation_1884,630,0,150.184,0.309155,620.729,319.811,0.242732,44004,0.0058,66.5757
orientation_1934,263,0,145.765,0.309915,617.762,317.114,0.242742,43694.2,0.0056,66.1319
orientation_1986,470,0,146.373,0.306277,610.815,315.192,0.242839,44016.6,0.0056,65.9229
orientation_1995,764,0,145.843,0.306754,611.426,315.265,0.242776,43641.6,0.0056,65.9166
orientation_2066,909,0,145.568,0.306168,609.031,314.178,0.242793,43595.5,0.0056,65.7445
orientation_2119,394,0,144.786,0.309913,614.806,315.652,0.242767,43641.7,0.0056,65.815
orientation_215,893,0,151.247,0.306951,617.651,319.362,0.242742,44002.1,0.0058,66.5751
orientation_2183,828,0,145.139,0.305881,606.944,313.326,0.242796,43490.9,0.0056,65.5608
orientation_2222,273,0,152.521,0.306186,618.778,320.681,0.24278,44414,0.0058,66.8134
orientation_2352,796,0,145.54,0.306656,610.398,314.749,0.242795,43686.8,0.0056,65.8199
orientation_2496,478,0,148.643,0.304212,606.972,314.646,0.242755,43431.5,0.0058,65.8167
orientation_2561,760,0,144.634,0.308345,611.432,314.451,0.242793,43628.3,0.0056,65.6823
orientation_2564,274,0,148.299,0.30429,607.185,314.137,0.242782,43518.9,0.0058,65.8268
orientation_2568,340,0,145.273,0.306566,608.042,313.121,0.242877,43959.9,0.0056,65.5806
orientation_257,919,0,151.145,0.308804,621.69,320.647,0.242781,44418.7,0.0058,66.7339
orientation_2572,626,0,144.405,0.310776,617.233,315.991,0.242783,43786.7,0.0056,65.9457
orientation_2600,488,0,146.395,0.303977,605.112,313.333,0.242871,43953,0.0056,65.6449
orientation_2637,407,0,145.667,0.307785,612.669,315.397,0.242826,43966.9,0.0056,65.8988
orientation_2673,1002,0,145.491,0.306453,609.237,314.103,0.24279,43564.7,0.0056,65.7249
orientation_2690,586,0,144.78,0.307862,611.015,314.348,0.242853,43981,0.0056,65.7084
orientation_2717,458,0,148.77,0.304779,608.93,315.146,0.242781,43657.3,0.0058,65.9459
orientation_2865,480,0,145.261,0.305823,608.254,313.937,0.242809,43655.5,0.0056,65.71
orientation_288,665,0,150.467,0.308598,619.707,319.494,0.242743,44023.1,0.0058,66.55
orientation_2908,517,0,144.099,0.309818,613.473,314.31,0.242838,43887.9,0.0056,65.6839
orientation_2972,289,0,144.619,0.308078,610.754,313.987,0.242794,43574.7,0.0056,65.6486
orientation_3066,933,0,146.782,0.306869,612.927,316.369,0.24278,43819.3,0.0056,66.0652
orientation_3181,1012,0,145.514,0.307119,610.656,314.841,0.24278,43604.9,0.0056,65.7803
orientation_3288,672,0,145.849,0.306572,610.227,314.781,0.242832,43914.1,0.0056,65.815
orientation_3335,357,0,145.254,0.304305,602.683,311.788,0.242814,43390.5,0.0056,65.3317
orientation_348,272,0,152.302,0.30746,620.676,320.892,0.242711,44022.4,0.0058,66.8276
orientation_3623,513,0,144.502,0.308399,611.533,314.213,0.242844,43908.9,0.0056,65.6844
orientation_3687,566,0,145.752,0.306015,608.795,314.2,0.242779,43510.2,0.0056,65.7419
orientation_3820,606,0,150.592,0.307466,618.049,319.194,0.242742,43977,0.0058,66.5391
orientation_3913,739,0,144.652,0.308168,611.677,314.492,0.24279,43621.1,0.0056,65.7339
orientation_394,914,0,151.413,0.307919,620.787,320.494,0.242783,44409.6,0.0058,66.7684
orientation_4035,294,0,148.589,0.30472,608.95,315.185,0.242784,43676.7,0.0058,65.9556
orientation_411,946,0,152.314,0.306237,618.342,320.207,0.242727,44025.9,0.0058,66.7582
orientation_415,710,0,153.273,0.305184,617.779,320.835,0.24277,44376.1,0.0058,66.8569
orientation_4206,432,0,144.985,0.307475,609.988,314.312,0.242798,43640.9,0.0056,65.6561
orientation_4336,372,0,144.371,0.310369,616.704,316.096,0.242783,43797.5,0.0056,65.9482
orientation_4345,616,0,144.824,0.309414,614.641,315.586,0.242771,43655.9,0.0056,65.8698
orientation_4363,677,0,145.737,0.30619,608.755,314.433,0.242785,43580.3,0.0056,65.7127
orientation_4474,819,0,150.731,0.307668,618.646,319.409,0.242744,44019,0.0058,66.5739
orientation_4621,528,0,143.813,0.309519,611.849,313.851,0.242848,43884.1,0.0056,65.5536
orientation_4647,1042,0,144.928,0.307383,609.711,313.697,0.24279,43510.1,0.0056,65.6387
orientation_4652,955,0,145.036,0.308518,612.243,314.81,0.242779,43595.3,0.0056,65.7454
orientation_4731,383,0,144.331,0.30813,609.617,313.648,0.242856,43904.8,0.0056,65.5191
orientation_4745,746,0,145.046,0.308322,612.598,315.143,0.242778,43634.6,0.0056,65.8115
orientation_4779,943,0,144.821,0.308037,611.52,314.551,0.242844,43957,0.0056,65.7368
orientation_4874,657,0,146.263,0.305508,608.929,314.738,0.242785,43622.1,0.0056,65.832
orientation_5005,496,0,151.161,0.306701,616.882,319.051,0.242751,44013.8,0.0058,66.5293
orientation_5064,1014,0,147.707,0.307208,615.053,317.546,0.242813,44185.4,0.0056,66.247
orientation_5303,915,0,147.753,0.308267,618.212,318.518,0.242761,43999.5,0.0056,66.4296
orientation_5320,659,0,144.693,0.310272,616.919,316.496,0.242827,44120.8,0.0056,65.9868
orientation_5452,270,0,146.851,0.306039,610.971,315.123,0.242794,43730.7,0.0056,65.9766
orientation_5465,853,0,144.22,0.307336,607.769,312.702,0.242818,43537.4,0.0056,65.4361
orientation_5502,606,0,146.172,0.306186,610.938,315.276,0.242782,43680.9,0.0056,65.9483
orientation_5549,334,0,145.683,0.306848,610.232,314.43,0.242792,43624.9,0.0056,65.7752
orientation_5617,431,0,149.089,0.305375,611.277,315.869,0.242779,43744.1,0.0058,66.1118
orientation_5681,288,0,144.355,0.308978,612.714,314.786,0.242787,43642.1,0.0056,65.7263
orientation_5691,456,0,146.758,0.305342,609.061,314.889,0.24283,43916.7,0.0056,65.8723
orientation_581,1059,0,152.28,0.306699,619.598,320.705,0.242774,44380,0.0058,66.8245
orientation_5837,280,0,145.984,0.30543,607.067,313.512,0.242816,43640.2,0.0056,65.6433
orientation_5933,856,0,145.3,0.307285,611.478,314.748,0.242794,43678.2,0.0056,65.8429
orientation_5959,294,0,150.117,0.300084,600.721,313.254,0.242803,43524.4,0.0058,65.7463
orientation_5961,400,0,144.118,0.310419,615.373,315.173,0.242792,43726.7,0.0056,65.799
orientation_6178,803,0,145.158,0.306025,606.653,313.017,0.242798,43462.3,0.0056,65.5093
orientation_6271,664,0,143.83,0.309105,611.439,313.732,0.242775,43423.1,0.0056,65.5697
orientation_6329,694,0,144.284,0.308072,610.505,313.999,0.242846,43889.9,0.0056,65.6212
orientation_6347,611,0,144.918,0.306253,607.389,313.433,0.242784,43433.4,0.0056,65.5537
orientation_6384,1060,0,144.071,0.309363,612.741,314.705,0.242777,43568,0.0056,65.6719
orientation_6439,455,0,145.141,0.308152,611.56,314.476,0.242839,43917.7,0.0056,65.7257
orientation_650,826,0,152.343,0.305389,616.644,319.86,0.242729,43993.9,0.0058,66.7007
orientation_6573,671,0,146.555,0.304631,606.995,313.988,0.242807,43649.2,0.0056,65.7532
orientation_6639,453,0,145.137,0.308293,612.768,315.009,0.242782,43644.7,0.0056,65.8342
orientation_6698,723,0,145.745,0.306479,610.29,314.976,0.24279,43686.5,0.0056,65.835
orientation_6814,486,0,144.631,0.308361,611.314,314.4,0.242794,43632,0.0056,65.6677
orientation_6818,450,0,145.65,0.306804,610.358,314.781,0.242794,43680.9,0.0056,65.7949
orientation_6874,363,0,150.254,0.306415,614.716,318.137,0.242794,44147,0.0058,66.3351
orientation_6983,420,0,148.945,0.305319,610.894,315.63,0.242786,43754.4,0.0058,66.0784
orientation_7024,553,0,149.167,0.309434,619.117,318.609,0.242749,43938.8,0.0058,66.3594
orientation_705,554,0,151.355,0.308147,620.274,320.39,0.242726,44047.6,0.0058,66.6805
orientation_7153,827,0,147.766,0.304161,608.914,315.737,0.242838,44085.8,0.0056,66.0327
orientation_7371,453,0,151.039,0.301015,605.03,315.275,0.242784,43690.5,0.0058,66.0819
orientation_849,761,0,152.282,0.305637,617.028,319.908,0.242784,44333,0.0058,66.7053
orientation_896,888,0,151.409,0.3076,620.143,320.457,0.242776,44362.1,0.0058,66.7465
orientation_96,693,0,152.157,0.305969,617.134,319.702,0.24273,43976.4,0.0058,66.6674
orientation_960,324,0,150.232,0.308368,619.453,319.409,0.24273,43935.7,0.0058,66.5548
